{
  "1": [2],
  "2": [3],

  "4": [5],
  "5": [6],

  "7": [8],
  "8": [9],

  "10": [11],
  "11": [12],

  "13": [14],
  "14": [15],

  "16": [17],
  "17": [18],

  "19": [20],

  "21": [22],

  "23": [24],

  "25": [26],

  "27": [28],

  "29": [30],
  "30": [31],

  "32": [33],
  "33": [34],

  "35": [36],

  "37": [38],

  "39": [40],

  "41": [42],

  "43": [44],
  "44": [45],

  "46": [47],

  "48": [49],

  "50": [51],

  "52": [53],

  "54": [55],

  "56": [57],

  "58": [59],

  "60": [61],
  "61": [62],

  "63": [64],
  "64": [65],

  "66": [67],
  "67": [68],

  "69": [70],
  "70": [71],

  "72": [73],

  "74": [75],
  "75": [76],

  "77": [78],

  "79": [80],

  "81": [82],

  "84": [85],

  "86": [87],

  "88": [89],

  "90": [91],

  "92": [93],
  "93": [94],

  "96": [97],

  "98": [99],

  "100": [101],

  "102": [103],

  "104": [105],

  "109": [110],

  "111": [112],

  "116": [117],

  "118": [119],

  "120": [121],

  "129": [130],

  "133": [134, 135, 136],

  "138": [139],

  "140": [141],

  "147": [148],
  "148": [149]
}